<property>
	<name>dfs.block.access.token.enable</name>
	<value>true</value>
</property>
<!-- NameNode security config -->
<property>
	<name>dfs.https.address</name>
	<value>hadoop.kbrelam.com:50470</value>
</property>
<property>
	<name>dfs.https.port</name>
	<value>50470</value>
</property>

<property>
	<name>dfs.namenode.keytab.file</name>
	<value>HADOOP_HOME/conf/hdfs.keytab</value>
	<!-- path to the HDFS keytab -->
</property>

<property>
	<name>dfs.namenode.kerberos.principal</name>
	<value>hdfs/_HOST@hadoop.kbrelam.com</value>
</property>
<property>
	<name>dfs.namenode.kerberos.https.principal</name>
	<value>host/_HOST@hadoop.kbrelam.com</value>
</property>

<!-- Secondary NameNode security config -->
<property>
	<name>dfs.secondary.https.address</name>
	<value>hadoop.kbrelam.com:50495</value>
</property>
<property>
	<name>dfs.secondary.https.port</name>
	<value>50495</value>
</property>
<property>
	<name>dfs.secondary.namenode.keytab.file</name>
	<value>HADOOP_HOME/conf/hdfs.keytab</value>
	<!-- path to the HDFS keytab -->
</property>

<property>
	<name>dfs.secondary.namenode.kerberos.principal</name>
	<value>hdfs/_HOST@hadoop.kbrelam.com</value>
</property>
<property>
	<name>dfs.secondary.namenode.kerberos.https.principal</name>
	<value>host/_HOST@hadoop.kbrelam.com</value>
</property>
<!-- DataNode security config -->
<property>
	<name>dfs.datanode.data.dir.perm</name>
	<value>700</value>
</property>
<property>
	<name>dfs.datanode.address</name>
	<value>0.0.0.0:1004</value>
</property>
<property>
	<name>dfs.datanode.http.address</name>
	<value>0.0.0.0:1006</value>
</property>
<property>
	<name>dfs.datanode.keytab.file</name>
	<value>HADOOP_HOME/conf/hdfs.keytab</value>
	<!-- path to the HDFS keytab -->
</property>

<property>
	<name>dfs.datanode.kerberos.principal</name>
	<value>hdfs/_HOST@hadoop.kbrelam.com</value>
</property>
<property>
	<name>dfs.datanode.kerberos.https.principal</name>
	<value>host/_HOST@hadoop.kbrelam.com</value>
</property>

